jesus,42
commands,39
kingdom-of-heaven,38
parables,36
miracles,31
judgment,30
God the Father,28
healings,28
popularity,21
sin,18
eternal-life,17
prophecy,17
demons,15
belief,14
eternal-reward,14
faith,14
healing,13
obedience,14
generosity,13
authority,12
forgiveness,12
salvation,12
work,12
food-and-drink,11
heart,11
hunger-and-thirst,11
inversion,11
satan,11
holy-spirit,10
growth,10
light,10
prophecy-fulfilled,10
scripture,10
blessings,9
children,9
children-of-god,9
gods-glory,9
mercy,9
outsiders,9
prayer,9
wealth,9
death,8
harvest,8
hypocrisy,8
love,8
secrets,8
compassion,7
good-and-evil,7
honor,7
hospitality,7
money,7
resurrection,7
wisdom,7
adultery,6
fear,6
poverty,6
prophets,6
sabbath,6
teachers,6
worry,6
crucifixion,5
gods-law,5
grace,5
hell,5
justice,5
persecution,5
repentance,5
sacrifice,5
unity,5
value,5
divorce,4
exclusivity,4
fasting,4
freedom,4
good-news,4
humility,4
knowing -god,4
leaders,4
reconciliation,4
righteousness,4
solitude,4
temptation,4
truth,4
violence,4
blasphemy,3
clothing,3
false-teachers,3
family,3
gifts-from-god,3
gods-generosity,3
human-value,3
life,3
murder,3
persistence,3
praise,3
pride,3
reliance,3
rest,3
speech,3
women,3
abraham,2
angels,2
anger,2
baptism,2
born-again,2
christians,2
comfort,2
contagion,2
deliverance,2
disadvantaged,2
disrespecting-god,2
flesh,2
gods-love,2
gods-provision,2
gospel,2
greed,2
holiness,2
honesty,2
humanity,2
Israel,2
legalism,2
lies,2
loyalty,2
lust,2
marnage,2
mourning,2
openness,2
political-power,2
predestination,2
purity,2
redemption,2
shame,2
sight,2
social-division,2
spirit,2
stumbling-blocks,2
temple,2
works,2
worship,2
